﻿<?xml version="1.0" encoding="utf-8"?>
<LineTrips>
	<LineTrip>
		<Id>1</Id>
		<LineId>1</LineId>
		<StartAt>11:00</StartAt>
		<FinishAt>12:00</FinishAt>
		<Frequency>00:05</Frequency>
	</LineTrip>
	<LineTrip>
		<Id>2</Id>
		<LineId>2</LineId>
		<StartAt>08:30</StartAt>
		<FinishAt>09:30</FinishAt>
		<Frequency>00:09</Frequency>
	</LineTrip>
	<LineTrip>
		<Id>3</Id>
		<LineId>3</LineId>
		<StartAt>07:00</StartAt>
		<FinishAt>11:00</FinishAt>
		<Frequency>00:12</Frequency>
	</LineTrip>
	<LineTrip>
		<Id>4</Id>
		<LineId>4</LineId>
		<StartAt>06:30</StartAt>
		<FinishAt>07:30</FinishAt>
		<Frequency>00:01</Frequency>
	</LineTrip>
	<LineTrip>
		<Id>5</Id>
		<LineId>5</LineId>
		<StartAt>00:00</StartAt>
		<FinishAt>12:00</FinishAt>
		<Frequency>00:15</Frequency>
	</LineTrip>
	<LineTrip>
		<Id>6</Id>
		<LineId>6</LineId>
		<StartAt>08:00</StartAt>
		<FinishAt>09:00</FinishAt>
		<Frequency>00:20</Frequency>
	</LineTrip>
	<LineTrip>
		<Id>7</Id>
		<LineId>7</LineId>
		<StartAt>07:30</StartAt>
		<FinishAt>09:30</FinishAt>
		<Frequency>00:10</Frequency>
	</LineTrip>
	<LineTrip>
		<Id>8</Id>
		<LineId>8</LineId>
		<StartAt>10:00</StartAt>
		<FinishAt>12:00</FinishAt>
		<Frequency>00:13</Frequency>
	</LineTrip>
	<LineTrip>
		<Id>9</Id>
		<LineId>9</LineId>
		<StartAt>10:00</StartAt>
		<FinishAt>11:30</FinishAt>
		<Frequency>00:30</Frequency>
	</LineTrip>
	<LineTrip>
		<Id>10</Id>
		<LineId>10</LineId>
		<StartAt>05:30</StartAt>
		<FinishAt>07:30</FinishAt>
		<Frequency>00:05</Frequency>
	</LineTrip>
</LineTrips>

